nocoId,nocoSku,nocoName,nocoPrice,aliasHint
"1860","ERY-ADAPTER-APPLE-20W-CN-ORIGINAL","محول طاقة USB-C أصلي من Apple بقوة 20 واط - شحن سريع للآيفون والآيباد","",""
"1859","ERY-ADAPTER-APPLE-20W-AN","محول طاقة USB-C أصلي من Apple بقوة 20 واط للآيفون والآيباد - شحن سريع وفعال","",""
"1858","ERY-ADAPTER-APPLE-40W/60W","محول طاقة آبل ديناميكي 40W/60W - شاحن سريع عالمي لأجهزة آيفون/آيباد/ماك بوك","",""
"1857","ERY-ADAPTER-SM-M9AC-SOBA","شاحن حائط سريع SM M9AC SOBA - USB-C و USB-A - أبيض","",""
"1856","ERY-SAMS-TA800-SOBA","شاحن محول سامسونج EP-TA800 USB-C 25 واط شحن فائق السرعة أبيض","",""
"1855","ERY-ADAPTER-APPLE-35W-SOBA","شاحن حائط أصلي 35 واط من Apple - سريع وفعال","",""
"1852","ERY-KONFULON-C87Q-V8","شاحن سريع KONFULON MINI C87Q V8 - محول حائط USB-M صغير بتقنية SUPERVOOC","",""
"1851","ERY-KONFULON-C87Q-IPH","شاحن سريع KONFULON C87Q Mini USB-M - محول حائط مدمج وقوي للهواتف الذكية","",""
"1850","ERY-KONFULON-C87","شاحن سريع كونفولون C87 3.0 أمبير USB DC - حجم صغير، جودة عالية، ضمان سنة واحدة","",""
"1843","ERY-CHARGEUR-ASUS-MSSMAR-CARRE-ORIGINAL","شاحن ASUS أصلي مربع للكمبيوتر المحمول - طاقة موثوقة ومتينة","",""
"1841","ERY-CHARGEUR-LENOVO-TYPE-C-65W-CARRE","شاحن لينوفو تايب سي 65 واط مربع أصلي - شحن سريع لأجهزة اللابتوب","",""
"1840","ERY-CHARGEUR-LENOVO-TYPE-C-45W-CARRE","شاحن لينوفو تايب سي 45 واط مربع أصلي للكمبيوتر المحمول - سريع وموثوق","",""
"1839","ERY-CHARGEUR-LENOVO-20V-CARRE-MSSMAR","شاحن لينوفو 20 فولت مربع MSSMAR - محول طاقة متوافق لأجهزة الكمبيوتر المحمولة لينوفو","",""
"1815","ERY-HUB-TC-30-4PORT","موزع USB-C 4 في 1: 3x USB 3.0 + HDMI + USB-C PD - محول متعدد المنافذ من النوع C للكمبيوتر/الماك/الهاتف الذكي","",""
"1795","ERY-CABLE-KONFULON-DC32C","كابل بيانات سريع KONFULON DC32C Micro USB 3.0A - شحن ونقل بيانات 2 في 1","",""
"1794","ERY-CABLE-KONFULON-DC32","كابل بيانات سريع كونفولون DC32 ميكرو USB 3.0 أمبير - شحن ونقل بيانات سريع","",""
"1768","ERY-CABLE-RG11-1-5M-OR","كابل هاتف RJ11 بطول 1.5 متر رمادي - اتصال موثوق للهاتف الثابت و ADSL","",""
"1767","ERY-REMOTE-AQ9","جهاز تحكم عن بعد عالمي AQ9 للأبواب الأوتوماتيكية والإنذارات - ناسخ مفاتيح لاسلكي","",""
"1766","ERY-REMOTE-AQ8","جهاز تحكم عن بعد عالمي RF AQ8 للأبواب والبوابات - 4 قنوات قابلة للبرمجة","",""
"1765","ERY-REMOTE-AQ7","جهاز تحكم عن بعد عالمي لاسلكي تشغيل/إيقاف - موديل AQ7 للأبواب، الستائر، الأضواء والأجهزة الإلكترونية","",""
"1730","ERY-EAGLE-V8 1.5M ","كابل بيانات EAGLE V8 Micro USB بطول 1.5 متر - شحن سريع 5 أمبير للهواتف الذكية والأجهزة اللوحية","",""
"1725","ERY-REMOTE-AQ6","جهاز تحكم عن بعد عالمي AQ6 للأبواب والمرائب - 4 قنوات، تردد عالي، نسخ سهل","",""
"1724","ERY-REMOTE-AQ5","جهاز تحكم عن بعد عالمي AQ5 بأربع قنوات لأبواب الكراج وأنظمة الإنذار - أمان عالي","",""
"1723","ERY-REMOTE-AQ4","جهاز تحكم عن بعد عالمي AQ4 للأبواب والمرائب - 4 أزرار، متعدد الألوان","",""
"1718","ERY-CABLE-WATCH-LITE","كابل شحن USB للساعة الذكية لايت - بديل وإكسسوار أساسي","",""
"1712","ERY-LED-RGB-MJ-21","أضئ لحظاتك مع ضوء RGB MJ-21 Clip Fill","",""
"1707","ERY-CHARGEUR-ALLUME-CIGARE-24V-2A-12V-2A","شاحن ولاعة السجائر متعدد الاستخدامات للسيارة والإكسسوارات","",""
"1688","ERY-MANETTE-AB01-TYPE-C","جهاز تحكم ألعاب موبايل من نوع C لتجربة لعب غامرة","",""
"1677","ERY-CABLE-USB/USB-20-15M-BLEAU","كابل USB 2.0 عالي السرعة بطول 1.5 متر باللون الأزرق لنقل سريع","",""
"1675","ERY-MANETTE-XBOX-KHDRA","جهاز تحكم SCNY لجهاز Xbox - وحدة تحكم مريحة وعالية الأداء","",""
"1673","ERY-CABLE-RG45-15M","COMPUTER CABLE RG45 1.5M HIGH QUALITY","",""
"1672","ERY-CABLE-RG45-5M","CABLE RESEAU RG45 5M  HIGH QUALITY","",""
"1671","ERY-CABLE-PC-PORTABLE","كابل كمبيوتر محمول عالي الجودة لتوصيل موثوق","",""
"1670","ERY-SUPPORT-CAF-DOUBLE","LAPTOP STAND","",""
"1669","ERY-SUPPORT-V31","LAPTOP STAND V3.1","",""
"1667","ERY-CABLE-1CCOMM","كابل طاقة بوست لشحن سريع ومستقر","",""
"1666","ERY-SELFIE-MINI-K25","SELFIE STICK TRIPOD MINI K25","",""
"1662","ERY-STARRY-PROJECTOR-LIGHT","ضوء مشروع نجمي لخلق جو سحري في المنزل","",""
"1657","ERY-AQ1/AQ2","جهاز التحكم عن بعد AQ1/AQ2 - مريح واقتصادي لراحتك","",""
"1645","CLÉ USB 32GB KINGSTON MZYANA","CLÉ USB 32GB KINGSTON MZYANA","",""
"1644","RJ45 TO USB","RJ45 TO USB 3.0","",""
"1643","Type-C RJ45 TO USB","Type-C RJ45 TO USB 3.1/3.0","",""
"1640","Black box HD 1296P","Black box HD 1296P","",""
"1639","Vehicle blackbox DVR 1080HD","Vehicle blackbox DVR 1080HD","",""
"1636","ALLUME CIGARE AFFICHEUR","ALLUME CIGARE AFFICHEUR V/W","",""
"1635","SUPPORT MICROPHONE HANDHELD STICK","SUPPORT MICROPHONE HANDHELD STICK","",""
"1633","SUPPORT MICROPHONE CAND","SUPPORT MICROPHONE CAND","",""
"1630","Kit casque k06A","Kit casque k06A","",""
"1629","Kit casque k12","Kit casque k12","",""
"1628","Tapis chauffant 80*33cm","Tapis chauffant 80*33cm","",""
"1627","Tapis chauffant 60*36cm","Tapis chauffant 60*36cm","",""
"1623","TAPI XC-X3","TAPI XC-X3","",""
"1622","TAPI BEST1 3ADIYA","TAPI BEST1 3ADIYA","",""
"1621","ERY-SPEAKER-KISONLI-X9","مكبرات صوت USB للألعاب Kisonli - صوت عالي الجودة وإضاءة RGB","",""
"1620","SPEAKER KISONLI X36BT  X36B5","SPEAKER KISONLI X36BT","",""
"1619","SMART NET Camera ample V380 Q165-1/1 lens PRD-MQTOQYH9-9LJS","SMART NET Camera ample V380 Q165-1/1 lens","",""
"1618","Wifi panorama camera ample X-IOT CAM 2 LENS SQ002WL","Wifi panorama camera ample X-IOT CAM 2 LENS","",""
"1606","H265","Sport camera 4K WIFI H265","",""
"1604","HD L29-wifi","HD Camera carre L29-wifi","",""
"1603","19-05 / 1905","SUPPORT MOTO","",""
"1599","Pince réseau Tools à sertir multifonction","Pince réseau Tools à sertir multifonction","",""
"1598","Rechargeable and waterproof chien","Rechargeable and waterproof chien","",""
"1587","Table pc gamer","Table pc gamer","",""
"1585","ERY-NOKIA-1616","نوكيا 1616 - الهاتف البسيط والفعال للجميع","",""
"1576","ERY-BAF-PC-KISONLI-X10","مكبرات الصوت باف بي سي كيسونلي X10 لتجربة صوت غامرة","",""
"1574","252D","SUPPORT","",""
"1572","ERY-CAMRA-PC-KISONLI-D1-4K","كاميرا ويب Kisonli D1 4K HD USB للكمبيوتر - 8 ميجابكسل، توصيل وتشغيل","",""
"1571","Caméra pc kisonli D1 2K","Caméra pc kisonli D1 2K","",""
"1570","Selfie TT01","Selfie TT01","",""
"1569","Selfie TT03","Selfie TT03","",""
"1568","Selfie TT02","Selfie TT02","",""
"1567","Selfie F15","Selfie F15","",""
"1564","Led neon Rgb 10M","Led neon Rgb 10M","",""
"1556","Cable Watch","Cable watch","",""
"1548","Support micro ring magic arm+super clamp","Support micro ring magic arm+super clamp","",""
"1543","Cable imprimante 1,5M","Cable imprimante 1,5M","",""
"1540","Câble de charge Watch garmin","Câble de charge Watch garmin","",""
"1521","Caméra solar TL3","Caméra solar TL3","",""
"1520","Caméra solar DS2","Caméra solar DS2","",""
"1518","Adapter normale vidvie","Adapter normale vidvie","",""
"1517","Câble pc portable/bureau normale","Câble pc portable/bureau normale","",""
"1516","Charger 12V 1,5A Originale","Charger 12V 1,5A Originale","",""
"1512","Clé Bluetooth 5.3","Clé Bluetooth 5.3","",""
"1511","ERY-CL-WIFI--BT-42-LB-LINK-WN600BT","محول USB نانو Wi-Fi + بلوتوث 4.2 LB-LINK BL-WN600BT متوافق مع ويندوز 10/11 و Plug & Play","",""
"1505","Clé wifi ac 600m mbps antenne","Clé wifi ac 600m mbps antenne","",""
"1497","Charger hp tête bleu originale","Charger hp tête bleu originale","",""
"1496","Câble iPhone C-C 240W 2M","Câble iPhone C-C 240W 2M","",""
"1495","Câble iPhone C-C 100W 2M","Câble iPhone C-C 100W 2M","",""
"1494","Câble iPhone Tc Originale","Câble iPhone Tc Originale","",""
"1490","1,5M","Câble RJ45 Originale","",""
"1488","Ksnake X11","K-snake mouse","",""
"1487","ERY-CHARGEUR-UNIVERSEL-NOTEBOOK-12-24V","شاحن لابتوب عالمي 12-24 فولت مع 8 رؤوس قابلة للتبديل - محول كمبيوتر محمول","",""
"1467","F210","SELFIE STLCK","",""
"1463","TAPIS SKY 80*30 30*60 90*40 100*50","TAPIS SKY","",""
"1459","CLAVIER NUMÉRIQUE G5","Clavier numérique","",""
"1458","ERY-CLAVIER-NUMRIQUE-G6","لوحة مفاتيح رقمية لاسلكية لإدخال سريع وفعال","",""
"1454","ERY-KIT-FLAIR-MOTOROLA-ORIGINAL","سماعات فليير الأصلية لصوت عالي الجودة","",""
"1452","PROFESSIONAL MICROPHONE TX+RX","PROFESSIONAL MICROPHONE","",""
"1441","LED RGB PM26","RGB W-LED","",""
"1421","Power bank flair 10k","Power bank flair 10k","",""
"1420","Power bank flair 5k","Power bank flair 5k mah","",""
"1372","ERY-BOITIER-25-INCH-SATA-III","علبة قرص صلب خارجي USB 3.0 لـ SSD/HDD SATA III بحجم 2.5 بوصة - تركيب سهل","",""
"1371","Boitier linax Hdd 2.5","Boitier linax Hdd 2.5","",""
"1368","Airpods pro3","Airpods pro3","",""
"1367","Airpods pro3 High Copy","Airpods pro3","",""
"1353","Câble Aux SX-47","Câble Aux","",""
"1347","Câble iPhone Lightning originale","Câble iPhone Lightning originale","",""
"1344","Câble Watch mi band","Câble Watch mi band","",""
"1343","Câble Apple C-C 240W 2M","Câble Apple","",""
"1340","A12","Flair charger 120w","",""
"1334","Ad-008","Addy sound","",""
"1333","19V - 3,42A","Charger Pc toshiba","",""
"1332","19V - 2,37A","Charger Pc asus","",""
"1330","19V - 4,74","Charger pc HP choka","",""
"1319","Dell 65w typeC","Charge Dell 65w typeC","",""
"1313","Câble Tpc//v8","Câble Tpc//v8","",""
"1297","CABLE BOOST 5V 9V 12V","CABLE BOOST","",""
"1275","BM-800","MICROPHONE BM 800","",""
"1264","A50","Power bank 10k / 22.5W","",""
"1262","Samsung 10k","Power bank 10k / 25w","",""
"1260","Samsung 20k","Power bank 20k / 45w / 3 port","",""
"1255","P02","SUPPORT PHONE HOLDER DINEX P02","",""
"1246","AC1200","USB Adapter 1200mbs","",""
"1218","ERY-STARLIGHT-CAR-CHARGER","STARLIGHT CAR CHARGER 5 in 1","",""
"1217","Starry Sky 4 IN 1","Chargeur voiture 4 In 1 Starry Sky","",""
"1204","Câble display to hdmi","Câble display to hdmi","",""
"1203","Câble display 3M","Câble display 3M","",""
"1202","Câble display 1.80m","Câble display 1.80m","",""
"1197","USB 3.0 TO VGA","USB 3.0 TO VGA","",""
"1175","TYPE-C TO USB+SD/TF+TYPE-C","Multifonctional Docking Station","",""
"1164","boitier EXTERNAL CASE 2.5HDD USB 2.0/3.0","boitier EXTERNAL CASE 2.5HDD USB 2.0/3.0","",""
"1128","V3","V3","",""
"1092","ANC-PRO 5+","","",""
"1091","DS66","","",""
"1075","ERY-BATTERIE-XBOX-360","طقم بطارية وكابل شحن SCNV X-360 4800mAh لجهاز تحكم Xbox 360","",""
"1069","PG-9123","","",""
"1062","7D GAME G4","","",""
"1042","A40Q","","",""
"1035","PS3 SONY","","",""
"974","1615B","","",""
"956","K13","","",""
"943","CT-637","","",""
"937","CT-637","","",""
"918","560HD","","",""
"912","Airpods-AN","","",""
"897","S8","EARPHONE GIONE S8","",""
"860","TA800","","",""
"859","35w","","",""
"847","K13","","",""
"843","CB7 ip","","",""
"831","UH-03P","CHARGER 45W UAM UH-03P","",""
"803","STAND V3.1","Support PC","",""
"794","X-12","Support VOITURE","",""
"791","V3.3","STAND","",""