tifawtSku,tifawtName,tifawtStock,nocoId,nocoSku,nocoName
"TABLET-AD-0010","LCD Writing Tablet 8.5 AD-0010","5","1878","ERY-TABLET-AD-0010","لوحة كتابة LCD 8.5 بوصة AD-0010 للأطفال - صديقة للبيئة وقابلة لإعادة الاستخدام"
"IBRA-SIM","OUTILS D’ÉJECTION POUR TIROIRS de CARTES SIM et MICRO SD","970","1877","ERY-IBRA-SIM","أدوات إخراج بطاقة SIM و Micro SD عالمية - مجموعة من 8 قطع للهواتف الذكية والأجهزة اللوحية"
"CHARGER-SAMSUNG-45W-AN","CHARGER SAMSUNG 45W AN PD ADAPTER","18","1876","ERY-CHARGER-SAMSUNG-45W-AN","شاحن سامسونج 45 واط PD محول طاقة USB-C مع كابل USB-C 5 أمبير - شحن سريع"
"MIC-JMARY-MW-15","WIRELESS MICROPHONE JMARY MW-15 2.4G","10","1875","ERY-MIC-JMARY-MW-15","ميكروفون لاسلكي Jmary MW-15 2.4G مع علبة شحن - مثالي للفلوج والبث والمقابلات"
"ADAPTATEUR-IOS-OR","LIGHTNING TO HEADPHONE JACK ADAPTER IOS ORIGINAL","20","1874","ERY-ADAPTATEUR-IOS-OR","محول لايتنينج إلى جاك 3.5 ملم للايفون/الايباد - قم بتوصيل سماعاتك السلكية"
"ADAPTATEUR-IOS-JH-002","Pop-Up Window 8 PIN TO HEADPHONE JACK ADAPTER IOS JH-002","20","1873","ERY-ADAPTATEUR-IOS-JH-002","محول صوت Pop-Up Window 8 PIN إلى جاك 3.5 ملم للآيفون - JH-002"
"CLE-WIFI-BL-WN155A","LB-LINK 150Mbps CLÉ WIFI BL-WN155A","50","1872","ERY-CLE-WIFI-BL-WN155A","مفتاح واي فاي USB LB-LINK BL-WN155A 150Mbps مع هوائي عالي الكسب - محول لاسلكي"
"CLE-WIFI-BL-WN151","LB-LINK 150M NANO 150Mbps CLÉ WIFI BL-WN151","50","1871","ERY-CLE-WIFI-BL-WN151","محول USB واي فاي LB-LINK 150M Nano BL-WN151 - مفتاح واي فاي عالي السرعة للكمبيوتر"
"USB-TO-RS232-CABLE","USB TO RS232 CABLE","20","1870","ERY-USB-TO-RS232-CABLE","كابل محول USB 2.0 إلى RS232 DB9 تسلسلي للكمبيوتر | اتصال سهل وسريع"
"CLE-WIFI-600MBPS","DUAL BAND USB ADAPTER CLÉ WIFI 600Mbps","50","1869","ERY-CLE-WIFI-600MBPS","محول USB واي فاي ثنائي النطاق 600 ميجابت في الثانية – محول لاسلكي عالي السرعة 2.4/5 جيجاهرتز للكمبيوتر المحمول"
"AIRPODS-AP05","AIRPODS DEEPBASS OWS WIRELESSM EARBUDS AP05","20","1868","ERY-AIRPODS-AP05","سماعات أذن لاسلكية ديباس OWS AP05 - صوت ستريو وباس فائق عالي الدقة"
"AIRPODS-TWS-X6","AIRPODS DEEPBASS TRUE WIRELESS TWS-X6","20","1867","ERY-AIRPODS-TWS-X6","سماعات أذن لاسلكية AIRPODS DEEPBASS TWS-X6 True Wireless Hi-Res Audio - أبيض"
"AIRPODS-AC360","AIRPODS MONSTER OPEN AIR AC360","20","1864","ERY-AIRPODS-AC360","سماعات بلوتوث Monster AC360 Open Ear - توصيل هوائي، راحة وجودة صوت عالية"
"AIRPODS-AC210","AIRPODS MONSTER OPEN AIR AC210","20","1863","ERY-AIRPODS-AC210","سماعات بلوتوث مونستر Open Ear AC210 - توصيل هوائي، مقاومة للماء IPX5"
"CHARGEUR-ASUS-MSSMAR-19V-2-37-TWIL","CHARGEUR ASUS MSSMAR 19V 2.37 TWIL","20","1842","ERY-CHARGEUR-ASUS-MSSMAR-19V-2-37-TWIL","شاحن ASUS MSSMAR 19V 2.37A لأجهزة الكمبيوتر المحمولة - محول طاقة"
"CHARGEUR-TOSHIBA19V-342-R","CHARGEUR TOSHIBA 19V 3.42 R","20","1832","ERY-CHARGEUR-TOSHIBA19V-342-R","شاحن محول طاقة للكمبيوتر المحمول توشيبا 19 فولت 3.42 أمبير - جودة عالية"
"CHARGEUR-SURFACE-65W","CHARGEUR SURFACE 65W","20","1831","ERY-CHARGEUR-SURFACE-65W","شاحن محول طاقة 65 واط لجهاز مايكروسوفت سيرفس برو - شحن سريع وموثوق"
"CHARGEUR-MAC-60W-T","POWER ADAPTER CHARGEUR MAC 60W T","11","1828","ERY-CHARGEUR-MAC-60W-T","شاحن محول طاقة 60 واط T-Tip متوافق مع MacBook Pro/Air - بديل عالي الجودة"
"MOSKITO-KILLER-YD-296","MOSKITO KILLER YD-296","30","1827","ERY-MOSKITO-KILLER-YD-296","مضرب ناموس كهربائي قابل لإعادة الشحن Passde YD-296 - قاتل الحشرات المحمول"
"TRIPI-2-10M","TRIPI 2.10M","30","1826","ERY-TRIPI-2-10M","حامل ثلاثي القوائم للإضاءة والتصوير الفوتوغرافي والفيديو 2.10 متر قابل للتعديل والطي من الألومنيوم المتين للاستوديو والخارج"
"CABLE-HDTV-10M-4K","HIGH SPEED CABLE HDTV 10M 4K","10","1825","ERY-CABLE-HDTV-10M-4K","كابل HDMI عالي السرعة 10 متر 4K@60Hz UHD 2160P Deep Color - إصدار 2.0 للتلفزيون، الصندوق، المشغل"
"CABLE-HDTV-5M-4K","HIGH SPEED CABLE HDTV 5M 4K","6","1824","ERY-CABLE-HDTV-5M-4K","كابل HDMI عالي السرعة 4K 5 متر - 60 هرتز UHD 2160P للتلفزيون، جهاز الاستقبال، المشغل - ألوان عميقة"
"CABLE-HDTV-15M-4K","CABLE HIGH SPEED HDTV 15M 4K HW1910","10","1823","ERY-CABLE-HDTV-15M-4K","كابل HDMI عالي السرعة 15 متر 4K@60Hz UHD 2160P 18Gbps Deep Color HW1910 للتلفزيون، مشغل، صندوق التلفزيون"
"CHARGEUR-PC-DELL-TYPE-C-65W-SOBA","CHARGEUR PC DELL  TYPE-C 65W soba","20","1819","ERY-CHARGEUR-PC-DELL-TYPE-C-65W-SOBA","شاحن كمبيوتر محمول ديل تايب سي 65 واط سوبا – محول طاقة عالمي لأجهزة ديل"
"CHARGEUR-DELL-65W-TPC-SABONA","CHARGEUR DELL 65W TYPE-C SABONA","20","1818","ERY-CHARGEUR-DELL-65W-TPC-SABONA","شاحن ديل أصلي 65 واط تايب سي لأجهزة الكمبيوتر المحمولة - شحن سريع وموثوق"
"CHARGEUR-PHIHONG-12V-5A","CHARGEUR PHIHONG 12V 5A","10","1817","ERY-CHARGEUR-PHIHONG-12V-5A","شاحن PHIHONG 12V 5A - محول طاقة عالمي للأجهزة الإلكترونية"
"AIRPODS-A8-PRO","ANC HEART RATE & BLOOD OXYGEN DETECTION Airpods A8 PRO","60","1814","ERY-AIRPODS-A8-PRO","سماعات أذن لاسلكية A8 Pro ANC مع كشف معدل ضربات القلب والأكسجين في الدم - أبيض"
"NECK-BRACKET","CCELLPHONE / CAMERA NECK BRACKET","5","1813","ERY-NECK-BRACKET","حامل رقبة للهاتف والكاميرا - مثالي للمدونات المرئية، الرياضة، والاستخدام بدون استخدام اليدين"
"ADAPTER-NOIR-SAMSUNG-COW-ORIGINAL","ADAPTER SAMSUNG COW 60W ORIGINAL","40","1812","ERY-ADAPTER-NOIR-SAMSUNG-COW-ORIGINAL","محول طاقة سامسونج 60 واط USB-C أصلي - شحن سريع واستهلاك منخفض للطاقة"
"CABLE-SAMSUNG-C-C-S26","USB CABLE SAMSUNG C-C S26 1.8m","50","1811","ERY-CABLE-SAMSUNG-C-C-S26","كابل USB-C إلى USB-C سامسونج S26 بطول 1.8 متر - شحن سريع 3 أمبير ونقل بيانات 480 ميجابت في الثانية"
"CABLE-240W-SUPPORT","DATA CABLE 240W SUPPORT TYPE-C","300","1810","ERY-CABLE-240W-SUPPORT","كابل بيانات USB-C إلى USB-C بقوة 240 واط مع حامل هاتف قابل للطي - شحن سريع ونقل بيانات عالي السرعة"
"CLE-BT-3","WIRELESS ADAPTER CLE BT 5.3","126","1809","ERY-CLE-BT--3","محول USB بلوتوث 5.3 لاسلكي للكمبيوتر، اللابتوب، أندرويد - اتصال مستقر وسريع"
"MARKEN-FICHE","INTERNATIONAL POWER SUPPLY MANUFACTURER MARKEN FICHE","43","1808","ERY-MARKEN-FICHE","محول سفر عالمي ماركن - قابس دولي مدمج وآمن لأكثر من 150 دولة"
"KIT-FLAIR-TPC","KIT FLAIR TYPE-C","500","1807","ERY-KIT-FLAIR-TPC","سماعات أذن سلكية USB-C من Flair - صوت واضح وميكروفون مدمج - توافق عالمي - أسود/أبيض"
"MOBILE-WIFI-SL305","WIRELESS 5G LTE MOBILE WIFI SL305 3000MAH","100","1806","ERY-MOBILE-WIFI-SL305","راوتر واي فاي محمول 5G LTE SL305 3000mAh - إنترنت عالي السرعة في كل مكان"
"BOITIER-MOVE-25-INCH-HDD","HDD/SSD ENGLOSURE BOITIER MOVE 2.5 INCH HDD SATA 3","100","1805","ERY-BOITIER-MOVE-25-INCH-HDD","علبة قرص صلب/SSD خارجي 2.5 بوصة SATA III USB 3.0/3.1 - محول قرص صلب محمول"
"CABLE-VIDVIE-TC-TC-6A","HIGH SPEED TRANSMISSION DATA CABLE VIDVIE TC/TC 6A 1m 120W","1000","1804","ERY-CABLE-VIDVIE-TC-TC-6A","كابل بيانات VIDVIE USB-C إلى USB-C عالي السرعة 6A 120W شحن سريع 1 متر"
"CABLE-VIDVIE-CB4031-IP-V8-TYPE-C","DATA CABLE VIDVIE CB4031 iP / V8 / TYPE-C","300","1803","ERY-CABLE-VIDVIE-CB4031-IP-V8-TYPE-C","كابل بيانات VIDVIE CB4031i/V/T - شحن سريع 3 أمبير للآيفون، V8 وتايب سي"
"HOUSS-HP","HOUSS HP","10","1802","ERY-HOUSS-HP","حقيبة حماية أنيقة HP للكمبيوتر المحمول حتى 15.6 بوصة - أسود"
"CHKARA-ZW-801","backpack ZW 801","5","1801","ERY-CHKARA-ZW-801","حقيبة ظهر متعددة الوظائف ZW 801 - مقاومة للماء، جيب كمبيوتر 15.6 بوصة، سعة كبيرة، مريحة"
"PUCHETTE-LMA","Pochette Waterproof","20","1800","ERY-PUCHETTE-LMA","جراب هاتف مقاوم للماء عالمي Imden Technology - حماية قصوى ضد الانزلاق"
"SUPPORT-JMARY-MG-01","NECK HOLDER SUPPORT JMARY MG-01","5","1799","ERY-SUPPORT-JMARY-MG-01","حامل رقبة Jmary MG-01 2 في 1 للهاتف الذكي وكاميرا الحركة - تصوير POV بدون استخدام اليدين"
"CABLE-PS2","SCNY 2M AV-CABLE PS2","17","1798","ERY-CABLE-PS2","كابل AV SCNY 2 متر لجهاز PS2 - جودة صوت وفيديو عالية RCA لأجهزة الألعاب والتلفزيون"
"KIT-AKG-TPC","SAMSUNG EARPHONES TYPE-C KIT AKG TPC","30","1797","ERY-KIT-AKG-TPC","سماعات أذن SAMSUNG Type-C AKG Tuned - صوت لا مثيل له وراحة داخل الأذن - أبيض"
"BBC-9","CELLPHONE SELFIE LIGHT BBC-9","5","1796","ERY-BBC-9","BBC-9 ضوء سيلفي للهاتف مع حلقة إضاءة وشاتر بلوتوث - شحن Type-C، بطارية 750mAh"
"MICROPHONE-AHUJA-CTP-10DX","ELECTRET CONDENSER OMNIDIRECTIONAL MICROPHONE AHUJA CTP-10DX","5","1793","ERY-MICROPHONE-AHUJA-CTP-10DX","ميكروفون عنقي أحادي الاتجاه AHUJA CTP-10DX - مكثف إلكتريت، كابل محمي 6 متر"
"CABLE-FIBRE-AUDIO-3M","OLYGOS CASA BLANCA CABLE FIBRE AUDIO 3M","10","1792","ERY-CABLE-FIBRE-AUDIO-3M","كابل صوت بصري Toslink OLYGOS CASA BLANCA 3 متر أسود - ألياف رقمية عالية الجودة"
"FIBRE-AUDIO-5M","OLYGOS CASA BLANCA FIBRE AUDIO 5M","10","1791","ERY-FIBRE-AUDIO-5M","كابل صوت بصري رقمي TOSLINK OLYGOS CASA BLANCA 5M - صوت عالي الدقة بدون فقدان"
"CABLE-FIBRE-JAUNE-3M","CABLE FIBRE JAUNE 3M","10","1790","ERY-CABLE-FIBRE-JAUNE-3M","كابل ألياف بصرية SC/APC - SC/APC أحادي الوضع 3 متر أصفر - أداء عالٍ لشبكة مستقرة"
"CABLE-FIBRE-JAUNE-5M","CABLE FIBRE JAUNE 5M","10","1789","ERY-CABLE-FIBRE-JAUNE-5M","كابل ألياف بصرية أحادي الوضع SC/APC-SC/APC أصفر 5 متر - أداء شبكة مستقر وعالي"
"CABLE-FIBRE-JAUNE-10M","CABLE FIBRE JAUNE 10M","10","1788","ERY-CABLE-FIBRE-JAUNE-10M","كابل ألياف بصرية جامبر SC/APC-SC/APC أحادي النمط OS2 أصفر 10 متر - أداء عالي"
"CABLE-FIBRE-JAUNE-15M","CABLE FIBRE JAUNE 15M","10","1787","ERY-CABLE-FIBRE-JAUNE-15M","كابل ألياف بصرية أحادي الوضع SC/APC-SC/APC G.652D أصفر 15 متر - أداء عالي وفقدان منخفض"
"CABLE-FIBRE-JAUNE-20M","CABLE FIBRE JAUNE 20M","10","1786","ERY-CABLE-FIBRE-JAUNE-20M","كابل ألياف بصرية أحادي الوضع SC/APC-SC/APC 9/125µm 20 متر أصفر - أداء عالي لشبكات FTTH"
"CABLE-SACHIE-SOBA-TC","CABLE 3A FAST CHARGING CABLE SACHIE SOBA TC","200","1785","ERY-CABLE-SACHIE-SOBA-TC","كابل شحن سريع 3 أمبير USB-A إلى USB-C أبيض 1000 مم - متوافق مع جميع أجهزة Type-C"
"BAF-X-911","WIRELESS SPEAKER DISCO SERIES  BAF X-911","48","1784","ERY-BAF-X-911","مكبر صوت بلوتوث محمول X-911 ديسكو سيريز - أضواء LED وصوت غامر - مثالي للحفلات والسفر"
"CABLE-APPLE-17-PRO-MAX-60W-C-C","CABLE APPLE 17 PRO MAX 60W C-C 1m","395","1783","ERY-CABLE-APPLE-17-PRO-MAX-60W-C-C","كابل شحن USB-C بقوة 60 واط لهاتف آيفون 17 برو ماكس (1 متر) - برتقالي"
"CABLE-SAMSUNG-S22-C-C","CABLE SAMSUNG S22 C-C","100","1782","ERY-CABLE-SAMSUNG-S22-C-C","كابل USB-C إلى USB-C سامسونج S22 أصلي 3 أمبير (1 متر) – شحن سريع ومزامنة"
"AIRPODS-PRO2-REDINGTON","AIRPODS PRO2 REDINGTON","100","1780","ERY-AIRPODS-PRO2-REDINGTON","سماعات أذن لاسلكية AIRPODS PRO2 REDINGTON بلوتوث 5.3 بجودة صوت عالية وميكروفون مدمج"
"OTG-TPC-ADATA","BEST CHOICE OTG TPC ADATA USB 2.0","100","1764","ERY-OTG-TPC-ADATA","محول OTG USB 2.0 Type-C ADATA BEST CHOICE للهواتف الذكية والأجهزة اللوحية - اتصال سهل"
"WATCH-BAND","WATCH BAND","10","1778","ERY-WATCH-BAND","سوار ساعة GREATCASE سيليكون مغناطيسي لساعة أبل 42/44/45/49 ملم - أسود وبرتقالي"
"BAND-WATCH-PERFORATED-MTKBA","WATCH BAND 20mm","30","1777","ERY-BAND-WATCH-PERFORATED-MTKBA","سوار ساعة رياضي مثقوب 20 مم - سيليكون مسامي للرجال والنساء"
"CREATCASE-WATCH","CREATCASE WATCH BAND WATCH","40","1776","ERY-CREATCASE-WATCH","سوار ساعة CREATCASE سيليكون ديزني لساعة أبل - أنماط وأحجام متنوعة"
"RJ45-FICHE-PLASTIQUE","RJ45 FICHE PLASTIQUE","1000","1775","ERY-RJ45-FICHE-PLASTIQUE","RJ45 FICHE PLASTIQUE"
"PILE-ARCAS-AA","RECHARGEABLE PILE ARCAS AA AKKU 800mAh","60","1774","ERY-PILE-ARCAS-AA","RECHARGEABLE PILE ARCAS AA AKKU 800mAh"
"HY-S10","HALNZIYE HY S10","100","1773","ERY-HY-S10","معجون حراري HALNZIYE HY-S10 عالي الأداء للمعالج/بطاقة الرسوميات - 7 درهم"
"AUX-IOS-3-5A","ADAPTER CABLE LIGHTNING TO 3.5AUX AUDIO AUX IOS 3.5A","20","1772","ERY-AUX-IOS-3-5A","محول كابل صوت لايتنينج إلى 3.5 ملم AUX للآيفون/الآيباد - جودة صوت مثالية"
"CAR-PLAY-CXZ-509","WIRELESS CAR ADAPTER  CAR PLAY CXZ509","10","1771","ERY-CAR-PLAY-CXZ-509","محول سيارة لاسلكي كار بلاي CXZ509 - اتصال سريع ونقل USB عالي السرعة"
"AD-VGA-TO-HDMI","AD VGA TO HDMI","10","1770","ERY-AD-VGA-TO-HDMI","محول VGA إلى HDMI بدقة Full HD 1080p مع صوت - محول فيديو للكمبيوتر والشاشات والتلفزيون"
"EXTENDER-30M-HDTV","EXTENDER 30M HDTV BY CAT-6/6A ","30","1769","ERY-EXTENDER-30M-HDTV","موسع HDTV 30 متر عبر كابل Cat-6/6A - Full HD 1080p، يدعم 4K 2K، توصيل وتشغيل"
"OTG-TYPE-C-USB-SOBA","OTG TYPE-C USB SOBA","50","1779","ERY-OTG-TYPE-C-USB-SOBA","محول OTG USB-A إلى USB-C - موصل ذكر إلى أنثى - نقل بيانات سريع"
"CLE-WIFI-SEPOMA-WF60","USB ADAPTER 1200Mbps WIRELESS CLE WIFI SEPOMA WF60","30","1763","ERY-CLE-WIFI-SEPOMA-WF60","محول USB واي فاي سيبوما WF60 بسرعة 1200 ميجابت في الثانية ثنائي النطاق مع هوائي قابل للفصل"
"DOBE-TP4-889","XDUAL CHARGING FOCK FOR P-4 WIRELESS CONTROLLER DOBE TP4-889","8","1762","ERY-DOBE-TP4-889","قاعدة شحن مزدوجة DOBE لوحدات تحكم PS4 اللاسلكية - P-4, Slim, Pro - تخزين وشحن"
"CHARGEUR-DS","CHARGER DS FOR NEW 3DS 3DS AC ADAPTER","29","1761","ERY-CHARGEUR-DS","شاحن محول تيار متردد لـ Nintendo New 3DS, 3DS LL و 3DS - مزود طاقة للكونسول"
"SUPPORT-L-363","L3T DESKTOP STORAGE STAND SUPPORT L-363","14","1760","ERY-SUPPORT-L-363","حامل تخزين مكتبي L3T L-363 - حامل دوار 360 درجة للكمبيوتر المحمول/التابلت"
"SUPPORT-L-392","L-3T TABLET STAND HOLDER DISK PHONE SUPPORT L-392","16","1759","ERY-SUPPORT-L-392","حامل تابلت وهاتف L3T L-392 - قابل للتعديل، مستقر ومضاد للسقوط للمكتب"
"SUPPORT-L-353","L3T DESKTOP HOLDER FOLDING ROTATING SUPPORT L-353","18","1758","ERY-SUPPORT-L-353","حامل مكتبي قابل للطي والدوران L3T L-353 للهواتف الذكية والأجهزة اللوحية - أسود"
"AV2-HDMI-MINI","HD VEDEO CONVERTER AV2 HDMI MINI 1080 HD","30","1757","ERY-AV2-HDMI-MINI","محول فيديو عالي الدقة AV2 HDMI صغير 1080p - محول صوت/فيديو للتلفزيون والشاشات"
"BATTERY-GOPRO-GP-910","BATTERY CHARGING BOX GO PRO GP-910","10","1756","ERY-BATTERY-GOPRO-GP-910","صندوق شحن سريع HONGDAK لبطاريات GoPro Hero 9/10/11/12 - محطة شحن محمولة GP-910"
"CAR-PLAY-2-IN-1","WIRELESS CAR PLAY 2 IN 1 ADAPTER  & ANDROID AUTO","5","1755","ERY-CAR-PLAY-2-IN-1","محول لاسلكي 2 في 1 CarPlay و Android Auto - حول نظامك السلكي إلى لاسلكي"
"OTG-TPC-DINEX-DC-02","ADAPTE 5A OTG TPC DINEX DC-02","50","1754","ERY-OTG-TPC-DINEX-DC-02","محول OTG USB 3.0 إلى Type-C DINEX DC-02 5A - شحن سريع ونقل بيانات"
"USB-SOUND-VERTUAL-7-1","USB SOUND VERTUAL 7.1 ADDAVLRTUAL","20","1753","ERY-USB-SOUND-VERTUAL-7-1","محول صوت USB افتراضي 7.1 ADDAVIRTUAL للكمبيوتر - بطاقة صوت خارجية مزدوجة للميكروفون/سماعة الرأس"
"OTG-V8-SUNPIN-OT-01","OTG V8 SUNPIN OT-01","50","1752","ERY-OTG-V8-SUNPIN-OT-01","محول OTG SUNPIN OT-01 V8 Micro USB - اتصال محمول، شحن ونقل بيانات"
"CL-WIFI-PIX-LINK","WIRELESS-N USB ADAPTER CLÉ WIFI PIX LINK","30","1751","ERY-CL-WIFI-PIX-LINK","محول USB لاسلكي Wireless-N PIX-LINK LV-UW10S لشبكة WiFi عالية السرعة للكمبيوتر/الكمبيوتر المحمول/STB"
"ANALOG-AUDIO-CONVERTER","DIGITAL TO ANALOG AUDIO CONVERTER","30","1750","ERY-ANALOG-AUDIO-CONVERTER","محول صوت رقمي إلى تناظري RCA محوري Toslink للتلفزيون، DVD، PS4 - جودة صوت مثالية"
"CABLE-PS-PCH-1100","USB CABLE PS PCH-1100 SERIES","9","1749","ERY-CABLE-PS-PCH-1100","كابل USB متوافق مع سلسلة PCH-1100 لجهاز PlayStation Vita - نقل بيانات وشحن سريع"
"MANETTE-PS5-PS419","WIRELESS CONTROLLER JUNYIDA MANETTE PS5 PS419","10","1748","ERY-MANETTE-PS5-PS419","وحدة تحكم لاسلكية JUNYIDA PS419 لجهاز PS5/PS4 - أداء عالي"
"HDMI-PIGTAIL-3-IN-1","HDMI PIGTAIL 3 IN 1 SWITCH","20","1747","ERY-HDMI-PIGTAIL-3-IN-1","موزع HDMI Pigtail 3 في 1 بدقة 4K Ultra HD - محول 3 منافذ للتلفزيون، PS3، HDVD"
"FIX-SHTEL-SG-1662","FIX SHTEL SG1662","6","1746","ERY-FIX-SHTEL-SG-1662","هاتف لاسلكي SHTEL SG-1662 رقمي - حماية المكالمات، مكالمات بدون استخدام اليدين، دليل 50 جهة اتصال"
"SUPPORT-L-393","L3T HOLDER DISK PHONE SUPPORT L393","20","1745","ERY-SUPPORT-L-393","حامل هاتف مكتبي L3T L-393 معدني قابل للتعديل للهواتف الذكية والأجهزة اللوحية - أسود"
"POWER-BANK-A25Q","POWER BANK A25Q KONFULON 20000MAH 65W","5","1744","ERY-POWER-BANK-A25Q","باور بانك كونفلون A25Q 20000 مللي أمبير 65 واط - شحن سريع وسعة عالية"
"REMOTE-AIR","AIR REMOTE MOUSE 2.4GHz WIRELESS","10","1743","ERY-REMOTE-AIR","ماوس هوائي لاسلكي 2.4 جيجا هرتز مع جيروسكوب وإدخال صوتي لأندرويد، ويندوز، ماك أو إس، لينكس"
"RAYOVAC-13","PILES RAYOVAC 13 EXTRA","50","1742","ERY-RAYOVAC-13","بطاريات رايوفاك إكسترا مقاس 13 - 6 بطاريات لأجهزة السمع"
"VARTA-312","PILES VARTA 312 HEARING AID BATTERIES","50","1741","ERY-VARTA-312","بطاريات سماعات الأذن VARTA 312 - أداء موثوق لأجهزة السمع (60 بطارية)"
"TELEFUNKEN-AA","PILES TELEFUNKEN AA","32","1740","ERY-TELEFUNKEN-AA","بطاريات ألكالاين تيليفونكن AA Mignon LR6 1.5V - حزمة 12 للاستخدام اليومي"
"OTG-IOS-JH163","CONNECTION KIT ONE USB PORT OTG IOS JH163","48","1739","ERY-OTG-IOS-JH163","محول OTG JH163 لايتنينج إلى USB للآيفون/الآيباد - اتصال سهل"
"ANDROID-TV-STICK-FHD","ANDROID TV STICK FHD","12","1738","ERY-ANDROID-TV-STICK-FHD","جهاز ANDROID TV STICK FHD - مشغل وسائط ذكي للتلفزيون مع جوجل بلاي ومساعد صوتي"
"REMOTE-AQ11","REMOTE AQ11","10","1737","ERY-REMOTE-AQ11","جهاز تحكم عن بعد عالمي AQ11 لأبواب المرآب والبوابات - 4 قنوات - تصميم أزرق مدمج"
"CAMERA-BLACK-BOX-1080HD","CAMERA BLACK BOX 1080HD TRAFFIC RECORDER","20","1736","ERY-CAMERA-BLACK-BOX-1080HD","كاميرا سيارة بلاك بوكس 1080HD - مسجل حركة مرور عالي الدقة للسيارات"
"SUPPORT-FD04","MAGNETIC PHONE HOLDER SUPPORT FD04","13","1735","ERY-SUPPORT-FD04","حامل هاتف مغناطيسي للسيارة FARID tech FD04 - تثبيت بالشفط 360° - استقرار مثالي"
"KEYBOARD-MINI-I10","OLYGOS MINI KEYBORD 2.4GHZ WIRELESS MINI I10","40","1726","ERY-KEYBOARD-MINI-I10","لوحة مفاتيح صغيرة لاسلكية OLYGOS 2.4 جيجاهرتز وبلوتوث وضع مزدوج RGB للتلفزيون الذكي، الكمبيوتر، أندرويد تي في بوكس"
"SUPPORT-STB-F12","SUPPORT F12 3 AXIS FOLDABLE GIMBAL STB F12","15","1734","ERY-SUPPORT-STB-F12","حامل F12 جيمبال ثلاثي المحاور قابل للطي للهواتف الذكية وكاميرات الحركة - تثبيت فيديو احترافي"
"SUPPORT-STB-F5","SUPPORT F5 3 AXIS FOLDABLE GIMBAL STB F5","15","1733","ERY-SUPPORT-STB-F5","مثبت جيمبال قابل للطي ثلاثي المحاور F5 للهواتف الذكية - تتبع الوجه، تكبير، تصوير بفاصل زمني"
"SUPPORT-RT-204","PHONE HOLDER MULTIFUNCTION MAGNETIC RT204","10","1732","ERY-SUPPORT-RT-204","حامل هاتف مغناطيسي متعدد الوظائف للسيارة RT204 - تثبيت مرن 360 درجة للوحة القيادة"
"CABLE-AUX-SX-47","DATA CABLE  DC3.5 TO DC3.5 hi fi stereo original AUX SX47","93","1731","ERY-CABLE-AUX-SX-47","كابل صوت AUX DC3.5 إلى DC3.5 ستريو هاي فاي أصلي SX-47 للهواتف الذكية ومكبرات الصوت"
"CABLE-JH-033","ADAPTER CABLE TYPE-C TO 3.5 AUX AUDIO JH033","100","1729","ERY-CABLE-JH-033","كابل محول صوتي Type-C إلى AUX 3.5 ملم JH033 للهواتف الذكية والأجهزة اللوحية"
"CABLE-COBRA-IOS","COBRA LIGHTNING CHARGING & DATA CABLE","50","1728","ERY-CABLE-COBRA-IOS","كابل شحن وبيانات لايتنينغ COBRA للايفون/ايباد - 1 متر، 3 أمبير - ضمان 365 يوم"
"ADAPTER-CABLE-AUX-IOS-T-007","ADAPTER CABLE LIGHTNING TO 3.5 AUX AUDIO T007","100","1727","ERY-ADAPTER-CABLE-AUX-IOS-T-007","محول كابل صوت لايتنينج إلى جاك 3.5 ملم AUX للايفون/الايباد - موديل T-007 - جودة صوت عالية"
"TAPIS-RAZER-80CM","TAPIS RAZER 80CM","35","1715","ERY-TAPIS-RAZER-80CM","سجادة ألعاب ريزر لتجربة ألعاب مثالية"
"CHARGEUR-12V-5A","CHARGER 12V 5A","100","1714","ERY-CHARGEUR-12V-5A","شاحن فولت 12 أمبير 5 لجميع أجهزتك الإلكترونية"
"CHARGER-FLAIR-5V-2A","CHARGER FLAIR 5V 2A","100","1713","ERY-CHARGER-FLAIR-5V-2A","شاحن فليير 5 فولت 2 أمبير - مثالي لجميع أجهزتك"
"CABLE-V3","CABLE V3","50","1711","ERY-CABLE-V3","كابل USB عالي الجودة لنقل سريع وفعال"
"MIC-FLAIR-D07","MIC FLAIR D07","30","1710","ERY-MIC-FLAIR-D07","ميكروفون لاسلكي عالي الجودة لصوت استثنائي"
"BEST1-A118","DATA CABLE Best1 USB TO TYPE-C 45W 1M A118","120","1709","ERY-BEST1-A118","كابل بيانات USB إلى Type-C عالي السرعة للشحن السريع"
"CHARGEUR-UAM-03P","SUPER FAST CHARGER UAM 03P UH-03P","97","1708","ERY-CHARGEUR-UAM-03P","شاحن سريع UAM 03P لجميع أجهزتك"
"CABLE-DISPLAY-DISPLAY","CABLE DISPLAY-DISPLAY","100","1705","ERY-CABLE-DISPLAY-DISPLAY","كابل عرض لعرض اتصال مثالي"
"CHAGEUR-12V-3A","AC/DC ADAPTOR CHAGEUR 12V 3A","100","1704","ERY-CHAGEUR-12V-3A","محول شاحن 12 فولت 3 أمبير لأجهزتك الإلكترونية"
"CHARGEUR-24V-2A","POWER ADAPTER CHARGER 24V 2A","100","1703","ERY-CHARGEUR-24V-2A","شاحن محول قوي 24 فولت 2 أمبير لجميع أجهزتك الإلكترونية"
"CHARGER-6V-2A","POWER ADAPTER CHARGER 6V 2A","100","1702","ERY-CHARGER-6V-2A","محول كهربائي لشحن سريع وآمن"
"CHARGEUR-ALLUME-CIGARE-12V-2A","Chargeur allume cigare 12v 2A","100","1701","ERY-CHARGEUR-ALLUME-CIGARE-12V-2A","شاحن ولاعة السجائر 12 فولت 2 أمبير - عملي وفعال لسيارتك"
"CABLE-WATCH-M5-6-7","CABLE WATCH M5/6/7","97","1700","ERY-CABLE-WATCH-M5-6-7","كابل شحن للساعات M5 و M6 و M7 - شحن سريع وعملي"
"ADAPTER-FLAIR-12V-2A","ADAPTER FLAIR 12V-2A","100","1699","ERY-ADAPTER-FLAIR-12V-2A","محول فليير 12 فولت-2 أمبير لتزويد موثوق وفعال"
"LED-RGB-MJ-01","ROTUNDITY RGB MJ-01 CLIP FILL LIGHT","6","1698","ERY-LED-RGB-MJ-01","أضئ صورك مع ضوء ملء كليب ROTUNDITY RGB MJ-01"
"MOUSE-R8-1615A","MOUSE R8 1615A CHAOS SPECTRUM","60","1697","ERY-MOUSE-R8-1615A","فأرة الألعاب MOUSE R8 CHAOS SPECTRUM مع إضاءة ديناميكية"
"CASQUE-NIA-Q9M","CASQUE NIA PURE BASS 4 IN 1 WIRELESS STEREO HEADPHONES NIA-Q9M","60","1696","ERY-CASQUE-NIA-Q9M","سماعة نيا بيور باس لاسلكية مع ضوء LED وصوت نقي"
"ADAPTER-FLAIR-30W-IPH","ADAPTER FLAIR TRAVEL CHARGER 30W IPH","228","1695","ERY-ADAPTER-FLAIR-30W-IPH","شاحن سفر فليير للهواتف الذكية والأجهزة اللوحية"
"CAMERA-CARDVR-VIDEO","CAMERA CARDVR / VIDEO","50","1694","ERY-CAMERA-CARDVR-VIDEO","كاميرا سيارة CARDVR لأمان مثالي على الطريق"
"MOUSE-SEPOMA-G4","SEPOMA 7D GAME OPTICAL MOUSE G4","50","1693","ERY-MOUSE-SEPOMA-G4","فأرة SEPOMA G4 الضوئية للاعبين - أداء ودقة"
"CLAVIER-JEDEL-K13-NORMAL","JEDEL K29 USB KEYBOARD OFFICE KEYBOARD K13","20","1692","ERY-CLAVIER-JEDEL-K13-NORMAL","لوحة مفاتيح USB JEDEL K29 للمكتب - راحة وأداء"
"CABLE-RCA-3-3","CABLE JIA YUE HIGH QUALITY AV LINE RCA 3/3 1.5m","50","1683","ERY-CABLE-RCA-3-3","CABLE JIA YUE HIGH QUALITY AV LINE RCA 3-3 1.5m"
"CABLE-RCA-3-1","CABLE JIA YUE SUPERIOR QUALITY RCA 3/1 1.5M","45","1682","ERY-CABLE-RCA-3-1","كابل RCA عالي الجودة للصوت والفيديو"
"ADAPTER-RJ45-EXTENSION","ADAPTER USB RJ45 EXTENSION","50","1681","ERY-ADAPTER-RJ45-EXTENSION","محول USB RJ45 لتوصيل سهل وسريع"
"CABLE-RADIO-HIGH-QUALITY","CABLE RADIO HIGH QUALITY","100","1679","ERY-CABLE-RADIO-HIGH-QUALITY","CABLE RADIO HIGH QUALITY"
"CABLE-RADIO-CODY","CABLE RADIO CODY","100","1680","ERY-CABLE-RADIO-CODY","CABLE RADIO CODY"
"MANETTE-JK02","MANETTE COOLSHARK JK02","20","1678","ERY-MANETTE-JK02","يد تحكم Coolshark JK02 لتجربة لعب مثالية"
"CABLE-USB-USB-2-0-1-5M-BLEAU","HIGH SPEED COMPUTER CABLE USB/USB 2.0 1.5M BLEAU","86","1677","ERY-CABLE-USB/USB-20-15M-BLEAU","كابل USB 2.0 عالي السرعة بطول 1.5 متر باللون الأزرق لنقل سريع"
"CABLE-PSP","SCNY CABLE PSP 2 IN 1  1.8M","100","1676","ERY-CABLE-PSP","SCNY CABLE PSP 2 IN 1 1.8M"
"CABLE-RJ45-3M","COMPUTER CABLE RESAU RJ45 3M HIGH QUALITY","58","1674","ERY-CABLE-RJ45-3M","كابل شبكة RJ45 عالي الجودة للاتصال الموثوق"
"CABLEPCPORTABLE","Cable pc portable hight quality","250","1671","ERY-CABLE-PC-PORTABLE","كابل كمبيوتر محمول عالي الجودة لتوصيل موثوق"
"RADIO-JOC","JOC DIGITAL SELECTED MUSIC PLAYER FM RADIO ","30","1691","ERY-RADIO-JOC","مشغل موسيقى رقمي مع راديو FM وميزات متقدمة"
"CHARGER-INFINIX-70W","CHARGER INFINIX 70W QC3.0","100","1690","ERY-CHARGER-INFINIX-70W","شاحن إنفينيكس 70 واط QC3.0 لشحن سريع وفعال"
"SUPPORT-AZAMI-MAGNETIC-HOLDER","SUPPORT AZAMI MAGNETIC HOLDER","129","1684","ERY-SUPPORT-AZAMI-MAGNETIC-HOLDER","حامل مغناطيسي أزامي للهاتف الذكي - عملي ومبتكر"
"MICROPHONE-DUO-NEW-SERIES","PROFESSIONNEL MICROPHONE DUO NEW SERIES","30","1685","ERY-MICROPHONE-DUO-NEW-SERIES","ميكروفون محترف ديو سلسلة جديدة للفنانين والموسيقيين"
"CHARGER-FLAIR-120W-8V","CHARGER FLAIR 120W 8V QC.30","100","1689","ERY-CHARGER-FLAIR-120W-8V","شاحن سريع عالي الجودة لجميع أجهزتك"
"CABLE-WATCH-W02","CABLE WATCH W02","100","1720","ERY-CABLE-WATCH-W02","كابل شحن W02 للساعة الذكية - أسود | إكسسوار أساسي"
"CABLE-WATCH-T1","CABLE WATCH T1 (1SACHET)","100","1719","ERY-CABLE-WATCH-T1","كابل شحن مغناطيسي T1 للساعة الذكية - بديل متين وعملي"
"CABLE-WATCH-KR-PRO","CABLE WATCH KR PRO (1SACHET)","100","1717","ERY-CABLE-WATCH-KR-PRO","كابل شحن مغناطيسي USB لساعة KR PRO الذكية - إكسسوار أساسي"
"CABLE-WATCH-KR","CABLE WATCH KR (1SACHET)","100","1716","ERY-CABLE-WATCH-KR","كابل شحن مغناطيسي USB لساعة ذكية KR - ملحق للساعات الذكية"
"SUPPORT-DESKTOP-OVERHEAD","SUPPORT DESKTOP OVERHEAD-SHOT STAND","30","1862","ERY-SUPPORT-DESKTOP-OVERHEAD","حامل مكتبي علوي للهاتف والكاميرا - مثالي للفلوجات والدروس التعليمية"
"SUPPORTCAFDOUBLE","LAPTOP STAND","100","1670","ERY-SUPPORT-CAF-DOUBLE","LAPTOP STAND"
"SELFIEMINIK25","SELFIE STICK TRIPOD MINI K25","30","1666","ERY-SELFIE-MINI-K25","SELFIE STICK TRIPOD MINI K25"
"DESKTOP-F-700A","DESKTOP FOLDABLE half moon light F-700A","5","1665","ERY-DESKTOP-F-700A","مصباح مكتبي LED قابل للطي على شكل نصف قمر F-700A مع حامل هاتف لخبراء التجميل والمدونين"
"STARRYPROJECTORLIGHT","STARRY PROJECTOR LIGHT","36","1662","ERY-STARRY-PROJECTOR-LIGHT","ضوء مشروع نجمي لخلق جو سحري في المنزل"
"40W-DYNAMIC","ADAPTER APPLE 40W DYNAMIC","50","1861","ERY-40W-DYNAMIC","محول طاقة USB-C بقوة 40 واط متوافق مع Apple - شحن سريع وفعال للآيفون والآيباد"
"SAMSUNG-EP-T4510","ADAPTER SAMSUNG EP-T4510 SOBA","95","1854","ERY-SAMSUNG-EP-T4510","شاحن سامسونج سريع EP-T4510 بقوة 45 واط USB-C أبيض - محول طاقة أصلي للهواتف الذكية"
"SAM-25W-ORI-RAS","CHARGEUR SAMSUNG 25W ORIGINALE POWER ADAPTER RAS","240","1849","ERY-SAM-25W-ORI-RAS","شاحن سامسونج 25 واط أصلي شحن فائق السرعة محول طاقة USB-C أبيض"
"SAM-45W-ORI-RAS","CHARGEUR SAMSUNG 45W ORIGINALE POWER ADAPTER RAS","200","1847","ERY-SAM-45W-ORI-RAS","شاحن سامسونج أصلي 45 واط - محول طاقة USB-C شحن فائق السرعة للهواتف الذكية"
"SAM-C-C-ORI"," USB CABLE SAMSUNG C-C ORIGINALE  1m","138","1853","ERY-SAM-C-C-ORI","كابل USB-C إلى USB-C أصلي سامسونج 1 متر - شحن سريع ومزامنة"
"CAR-SWITCH","CAR SWITCH AC-DC USB CHARGER","50","1846","ERY-CAR-SWITCH","شاحن سيارة USB AC-DC محول عالمي للهاتف والتابلت - CAR SWITCH"
"SAMSUNG-25W-ORI-ADAPTER","CHARGEUR SAMSUNG 25W POWER ADAPTER ORIGINALE ","160","1848","ERY-SAMSUNG-25W-ORI-ADAPTER","شاحن سامسونج أصلي 25 واط USB-C مع كابل Type-C إلى Type-C (1 متر) - شحن سريع"
"SAMSUNG-45W-ORI-ADAPTE","CHARGEUR SAMSUNG 45W PD POWER ADAPTER ORIGINALE ","140","1845","ERY-SAMSUNG-45W-ORI-ADAPTE","شاحن سامسونج أصلي 45 واط PD مع كابل USB-C إلى USB-C (5A/1.8m) - شحن سريع"
"CABLE-IPHONE-TC-TAIWAN","CABLE IPHONE TC TAIWAN USB-C TO LIGHTNING 1m","500","1844","ERY-CABLE-IPHONE-TC-TAIWAN","كابل USB-C إلى Lightning بطول 1 متر للآيفون - شحن سريع ومزامنة TC Taiwan"
"AQ10","REMOTE AQ10","200","1659","ERY-AQ10","جهاز تحكم عن بعد عالمي AQ10 بأربعة قنوات لأبواب الكراج، الستائر، وأنظمة الإنذار"
"AQ3","REMOTE AQ3","100","1660","ERY-AQ3","جهاز تحكم عن بعد عالمي AQ3 بأربعة أزرار - ناسخ مفاتيح لأبواب الكراج والإنذارات"
"CABLE-WATCH-SAMSUNG","FAST WIRELESS CHARGER FOR WATCH SAMSUNG","98","1634","ERY-CABLE-WATCH-SAMSUNG","شاحن ساعة سامسونج جالاكسي USB - متوافق مع Gear S3, Active, Watch 3, Watch 4 Classic"
"C31","CAR CHARGER C31","27","1617","ERY-C31","شاحن سيارة سريع وعالمي لجميع أجهزتك"
"PL19","LED PL19","20","1615","PL19","Led PL19"
"PL16","LED PL16","20","1616","PL16","Led PL16"
"LED-CORNER","LED CORNER RGB","20","1614","LED-CORNER","LED CORNER RGB"
"GKM901","CLAVIER GKM901","30","1613","GKM901","CLAVIER GKM901"
"S58","TRIPOD S58","20","1612","S58","TRIPOD S58"
"X6B","COOLING PAD X6B","20","1611","X6B","Cooling pod X6B"
"TRIP-B10S","SMART TRIP GOLDEN B10S","30","1479","TRIP-B10S ","SMART TRIP GOLDEN"
"HK9-ULTRA2","HK9 ULTRA2","20","1626","HK9-ULTRA2","HK9 ULTRA2"
"WIRELESS-Y1","WIRELESS HEADSET Y1","31","1610","WIRELESS-Y1","WIRELESS HEADSET Y1"
"PRD-MR2C82XV-S1RW","NOKIA 101","46","1607","PRD-MR2C82XV-S1RW","Nokia 101"
"Z10","SUPPORT Z10","20","1590","Z10","Support de Téléphone Réglable 360°"
"K35","CLAVIER NUMERIQUE ","50","1596","K35","Clavier numérique"
"BT185","CLAVIER SOURIS ","28","1597","BT185","Clavier souris"
"SY1280","PROJECTEUR SY1280","5","1588","SY1280","Projecteur"
"VEHICLE-BLACKBOX-DVR-WIFI","Vehicle BlackBOX DVR 1080HD WIFI","50","1578","Vehicle BlackBOX DVR WIFI","Vehicle BlackBOX DVR WIFI"
"MANETTE-PS4-SONY","Manette MONTAKHAB  PS4 Sony","30","1560","Manette PS4 Sony","Manette PS4 Sony"
"CABLE-WATCH-AIR","Cable watch AIR","100","1721","ERY-CABLE-WATCH-AIR","كابل شحن USB عالمي لساعة ذكية AIR - إكسسوار أساسي للساعات الذكية"
"TRIPOD-X96","Tripod X96","40","1555","Tripod X96","Tripod X96"
"TRIPOD-A108","Tripod A108","40","1553","ERY-TRIPOD-A108","حامل ثلاثي A108 مع تتبع تلقائي وتحكم بالإيماءات"
"TRIPOD-A6000","Tripod A6000","40","1552","Tripod A6000","Tripod A6000"
"TRIPOD-P10","Tripod P10","15","1551","Tripod P10","Tripod P10"
"TRIPOD-A1588","Tripod A1588","20","1550","Tripod A1588","Tripod A1588"
"TRIPOD-MIXIO-S88","Tripod Mixio S88","20","1549","Tripod Mixio S88","Tripod Mixio S88"
"SUPPORT-MICRO-RING-MAGIC-ARM-SUPER-CLAMP","Support micro ring magic arm+super clamp","70","1548","Support micro ring magic arm+super clamp","Support micro ring magic arm+super clamp"
"TRIPOD-DP10","Tripod dp10","31","1547","Tripod dp10","Tripod dp10"
"CABLE-IMPRIMANTE-5M","Cable imprimante 5M","9","1545","Cable imprimante 5M","Cable imprimante 5M"
"CABLE-IMPRIMANTE-3M","Cable imprimante 3M","9","1544","Cable imprimante 3M","Cable imprimante 3M"
"CABLE-IMPRIMANTE-1-5M","Cable imprimante 1,5M","9","1543","Cable imprimante 1,5M","Cable imprimante 1,5M"
"C-BLE-DE-CHARGE-WATCH-GARMIN","Câble de charge Watch garmin","100","1540","Câble de charge Watch garmin","Câble de charge Watch garmin"
"MEMO-PHONE-COOLER-DL05","Memo phone cooler DL05","30","1538","Memo phone cooler DL05","Memo phone cooler DL05"
"MEMO-TABLET-COOLER-DL05","Memo tablet cooler DL05","17","1537","Memo tablet cooler DL05","Memo tablet cooler DL05"
"CLAVIER-FLEXIBLE-SELECONE-K87-CLAVIER-FLEXIBLE-SELECONE-K87","Clavier flexible selecone K87 Clavier flexible selecone K87","20","1515","Clavier flexible selecone K87 Clavier flexible selecone K87","Clavier flexible selecone K87 Clavier flexible selecone K87"
"USB-T50-WIRELESS-AUDIO-ADAPTER","USB T50 wireless audio adapter 5.1","90","1514","ERY-USB-T50-WIRELESS-AUDIO-ADAPTER","محول صوت لاسلكي USB T50 - اتصال تلقائي لصوت 5.1"
"CL-WIFI-BT-4-2-LB-LINK-WN600BT","Clé wifi + BT 4.2 Lb link wn600bt","20","1511","ERY-CL-WIFI--BT-42-LB-LINK-WN600BT","محول USB نانو Wi-Fi + بلوتوث 4.2 LB-LINK BL-WN600BT متوافق مع ويندوز 10/11 و Plug & Play"
"CL-WIFI-LB-LINK-WN351","Clé wifi Lb link wn351","100","1507","Clé wifi Lb link wn351","Clé wifi Lb link wn351"
"SOFT-BOX-PULUZ-SOBBA-1LAMPE-SOFT-BOX-PULUZ-SOBBA-1LAMPE","Soft box puluz sobba 1lampe Soft box puluz sobba 1lampe","25","1504","Soft box puluz sobba 1lampe Soft box puluz sobba 1lampe","Soft box puluz sobba 1lampe Soft box puluz sobba 1lampe"
"PACK-SOFT-BOX-PULUZ-PKT3134","Pack soft box puluz pkt3134","2","1502","Pack soft box puluz pkt3134","Pack soft box puluz pkt3134"
"STUDIO-PULUZ-30CM","Studio puluz 30cm","10","1501","Studio puluz 30cm","Studio puluz 30cm"
"STUDIO-PULUZ-40CM","Studio puluz 40cm","6","1500","Studio puluz 40cm","Studio puluz 40cm"
"STUDIO-PULUZ-25CM","Studio puluz 25cm","20","1499","Studio puluz 25cm","Studio puluz 25cm"
"C-BLE-IPHONE-C-C-100W-2M","Câble iPhone C-C 100W 2M","50","1495","Câble iPhone C-C 100W 2M","Câble iPhone C-C 100W 2M"
"ORIGINALE","Câble iPhone C-C 240W 2M","50","1493","Originale","Câble iPhone C-C 240W 2M"
"ZYG806","Clavier ZYG806","18","1480","ZYG806","Clavier"
"3-IN-1-CHARGER-WIRELESS","CHARGER WIRELESS 3 IN 1","50","1476","ERY-3-IN-1-CHARGER-WIRELESS","شاحن لاسلكي ثلاثي الوظائف لجميع أجهزتك"
"CPE301K","WIRELESS ROUTER 4G LTE","20","1468","CPE301K","WIRELESS ROUTER 4G LTE"
"TWS-X16-FLAIR","TWS X16 FLAIR","100","1466","TWS X16 FLAIR","TWS X16 FLAIR"
"TWS-X15-FLAIR","TWS X15 FLAIR","100","1465","TWS X15 FLAIR","TWS X15 FLAIR"
"HS662","KIT VIDVIE HS662","240","1464","ERY-HS662","سماعات أذن سلكية مريحة لتجربة صوت غامرة"
"PBG-AN","PBG AN","400","1462","ERY-PBG-AN","أكمام الألعاب للهاتف المحمول - حسّن تجربتك في اللعب"
"PBG-METAL","PBG METAL","200","1461","ERY-PBG-METAL","غلاف ألعاب الهاتف المحمول لتحسين تجربة اللعب الخاصة بك"
"CLAVIER-NUM-RIQUE-G5","Clavier numérique","20","1459","CLAVIER NUMÉRIQUE G5","Clavier numérique"
"CLAVIER-NUM-RIQUE-G6","Clavier numérique","20","1458","ERY-CLAVIER-NUMRIQUE-G6","لوحة مفاتيح رقمية لاسلكية لإدخال سريع وفعال"
"CLAVIER-CIT","Clavier cit","48","1457","ERY-CLAVIER-CIT","كيبورد سيت: مجموعة لوحة مفاتيح وفأرة بلوتوث ملونة لراحة مثالية"
"AIRPODS-PRO3-FLAIR","AIRPODS PRO3 FLAIR","98","1456","AIRPODS PRO3 FLAIR","AIRPODS PRO3 FLAIR"
"AIRPODS-PRO2-FLAIR","AIRPODS PRO2 FLAIR","99","1455","AIRPODS PRO2 FLAIR","AIRPODS PRO2 FLAIR"
"F15-2"," Wireless microphone F15-2","40","1451","F15 -2","Wireless microphone"
"GAME-HEADSET-M25","GAME HEADSET","30","1450","GAME HEADSET M25","GAME HEADSET"
"REMOTE-CONTROLLER","REMOTE CONTROLLER","30","1449","REMOTE CONTROLLER","REMOTE CONTROLLER"
"DT-WATCH-X-MINI-57008","Dt watch x mini","19","1448","DT WATCH X MINI 57008","Dt watch x mini"
"WS18","DT WATCH 10","20","1447","WS18","DT WATCH 10"
"DT-WATCH-10-WS18","DT WATCH X","20","1446","DT WATCH 10 WS18","DT WATCH X"
"WATCH-GT3-SK37","KALOBEE WATCH GT3","4","1444","WATCH GT3 SK37","KALOBEE GT3"
"WATCH-4-PRO-SK39","Watch 4 pro+","4","1443","Watch 4 pro+ SK39","Watch 4 pro+"
"LED-CARRE-K03","LED CARRE","20","1442","LED CARRE K03","LED CARRE"
"KIT-CASQUE-Y30A","KIT CASQUE Y30A","20","1440","KIT CASQUE Y30A","KIT CASQUE"
"KIT-CASQUE-K07","KIT CASQUE K07","20","1439","KIT CASQUE K07","KIT CASQUE"
"LED-LIGHT-416","LED LIGHT","10","1438","ERY-LED-LIGHT-416","مجموعة إضاءة LED احترافية VariColor للتصوير الفوتوغرافي والفيديو - موديل LED-416، سطوع ولون قابلان للتعديل"
"LED-YM40","LED 40W","40","1436","LED YM40","LED 40W"
"RGB-X1","Mouse wireless RGB X1","100","1431","RGB X1","Mouse wireless RGB X1"
"1600DPI","Mouse 1600DPI","100","1430","1600DPI","Mouse 1600DPI"
"T-WOLF-V13","Mouse T-WOLF","200","1429","T-WOLF V13","Mouse T-WOLF"
"T-WOLF-Q3","Mouse T-WOLF Q3","102","1428","T-WOLF Q3","Mouse T-WOLF"
"K-SNAKE-X11","Mouse K-snake x11","20","1427","K-snake x11","Mouse K-snake x11"
"FLAIR-6IN1-HK6800","Pack gaming flair 6 in 1","194","1426","flair 6in1 hk6800","Pack gaming flair 6 in 1"
"HK10-MINI","SMART WATCH HK10 MINI+","20","1388","HK10 MINI+","SMART WATCH HK10 MINI+"
"K601","Jedel gaming keyboard","149","1386","K601","Jedel gaming keyboard"
"MOX-PRO-4IN1","Mix pro","20","1378","Mox pro 4in1","Mix pro"
"BOITIER-TOSHIBA","Boitier toshiba","100","1374","Boitier toshiba","Boitier toshiba"
"BOITIER-LINAX-HDD-2-5","Boitier linax Hdd 2.5","100","1371","Boitier linax Hdd 2.5","Boitier linax Hdd 2.5"
"C54","tp-link","20","1355","C54","tp-link"
"MP3-CAR-M53","MP3 car 40W","35","1352","MP3 car M53","MP3 car 40W"
"MP3-CAR-C9","MP3 car 20W","50","1351","MP3 car C9","MP3 car 20W"
"MP3-CAR-Q7","MP3 car 20W","50","1350","MP3 car Q7","MP3 car 20W"
"ADAPTER-FLAIR-A14","Adapter flair 120W","107","1349","ERY-ADAPTER-FLAIR-A14","شاحن سريع Flair 120W LDO A14 USB-A + Type-C - محول طاقة شحن فائق"
"MI-67W-TERBU","MI 67W TERBU","53","1346","MI 67W TERBU","MI 67W TERBU"
"120W-TERBU","Mi 120W","98","1342","120W terbu","Mi 120W"
"CR510","DUNSPIN","23","1339","CR510","DUNSPIN"
"CR512","DUNSPIN","6","1338","CR512","DUNSPIN"
"33W-MAX-TURBO","Mi Chargeur 33W MAX TURBO","120","1317","33W MAX TURBO","Mi Chargeur 33W MAX TURBO"
"120W-MAX-TURBO","Chargeur Mi 120W MAX TURBO","35","1315","120W MAX TURBO","Chargeur Mi 120W MAX TURBO"
"303","USB HUB 4PORT  3.0","100","1294","303","USB HUB 4PORT  3.0"
"307","7 Port USB HUB 3.0","100","1293","307","7 Port USB HUB 3.0"
"BOATI-WD","Boati WD ELEMENTS","90","1267","Boati WD","Boati WD ELEMENTS"
"P-02","SUPPORT PHONE HOLDER DINEX P02","170","1255","P02","SUPPORT PHONE HOLDER DINEX P02"
"A112","Charger best1 20W A112","80","1663","ERY-A112","شاحن Best1 20W A112 - قوة وموثوقية لجميع أجهزتك"
"TV-BOX-8K-5G","TV BOX 8K 5G","29","1243","TV BOX 8K 5G","TV BOX 8K 5G"
"TV-BOX-4K","TV BOX S","20","1242","TV BOX 4K","TV BOX S"
"F4-PLUS","NOTEBOOK COOLING PAD F4 Plus","20","1206","F4 Plus","NOTEBOOK COOLING PAD F4 Plus"
"NK101Y","LIGHTNING TO SD/TF CARD CAMERA READER NK101Y","214","1174","NK101Y","LIGHTNING TO SD/TF CARD CAMERA READER NK101Y"
"FILTER-52MM","FILTER 52mm","33","1168","FILTER 52mm","FILTER 52mm"
"FILTER-67MM","FILTER 67mm","40","1167","FILTER 67mm","FILTER 67mm"
"BOITIER-EXTERNAL-CASE-2-5HDD-USB-2-0-3-0","boitier EXTERNAL CASE 2.5HDD USB 2.0/3.0","100","1164","boitier EXTERNAL CASE 2.5HDD USB 2.0/3.0","boitier EXTERNAL CASE 2.5HDD USB 2.0/3.0"
"GAME-AUXILIARY-BUTTONS","GAME AUXILIARY BUTTONS","49","1163","GAME AUXILIARY BUTTONS","GAME AUXILIARY BUTTONS"
"TELESIN","Fun Shot Magnetic Grip2","50","1162","TELESIN","Fun Shot Magnetic Grip2"
"TYPEC-TO-HDTV-3-IN-1","TYPEC TO HDTV 3 IN 1","114","1150","TYPEC TO HDTV 3 IN 1","TYPEC TO HDTV 3 IN 1"
"TYPEC-TO-HDTV-11-IN-1","TYPEC TO HDTV 11 IN 1","100","1149","TYPEC TO HDTV 11 IN 1","TYPEC TO HDTV 11 IN 1"
"TYPEC-TO-HDTV-8-IN-1","TYPEC TO HDTV 8 IN 1","100","1148","TYPEC TO HDTV 8 IN 1","TYPEC TO HDTV 8 IN 1"
"CLAVIER-BT78","Clavier BT78","30","1121","Clavier BT78",""
"ADSL-TENDA-D305","ADSL TENDA D305","10","1111","ADSL TENDA D305",""
"AIRPODS-3","Airpods 3","100","1079","ERY-AIRPODS-3","سماعات AirPods الجيل الثالث مع علبة شحن MagSafe - صوت مكاني وصوت تكيفي - ضمان 12 شهرًا"
"AIRPODS-PRO-2","Airpods PRO 2","96","1078","Airpods PRO 2",""
"AIRPODS-4","Airpods 4","121","1077","Airpods 4","AIRPODS 4 USA"
"MANETTE-XBOX-WIRELESS","Manette Xbox wireless","18","1070","Manette Xbox wireless",""
"MANETTE-WIRELESS","Manette wireless","20","1068","Manette wireless",""
"PS3-COLOR","Ps3 couleur","15","1067","PS3 color","Ps3 couleur"
"BY-MM1","BOYA UNIVERSAL CARDIOID MICROPHONE BY-MM1","5","1061","BY-MM1",""
"A45Q","POWER BANK KONFULON 100000MAH A45Q","8","1047","A45Q","POWER BANK KONFULON 100000MAH A45Q"
"A24Q","A24Q","8","1046","A24Q",""
"BSP-D3","BSP-D3","18","1037","BSP-D3",""
"C03","TELESIN SELFIE RING LIGHT C03","19","1034","C03",""
"RHGB-LIGHT-STICK","RGB LIGHT STICK","37","1029","RHGB LIGHT STICK",""
"DASH-CAM-WIFI","DASH CAM WiFi","3","1005","DASH CAM WiFi",""
"WIFI-PANORAMA-CAMERA","WIFI PANORAMA CAMERA Q16S-1","20","994","WIFI PANORAMA CAMERA",""
"B023","FOLDING WIRELESS KEYBOARD B023 HK3200","20","964","B023",""
"GKM520","GKM520","30","959","GKM520",""
"K-1000","K-1000","30","958","K-1000",""
"K100","K100","18","955","K100",""
"KP-2209","KP-2209","20","894","KP-2209",""
"KP-2274","KP-2274","20","893","ERY-KP-2274","حامل ثلاثي احترافي Jmary KP-2274 للكاميرا والهاتف - دوران 360 درجة"
"KP-2205","KP-2205","20","892","ERY-KP-2205","حامل ثلاثي احترافي Jmary KP-2205 للكاميرات والهواتف الذكية - ثبات وتعدد الاستخدامات"
"KP-2234","KP-2234","20","891","KP-2234",""
"KP-2264","KP-2264","20","889","KP-2264",""
"C87Q","KONFULON MINI C87Q V8","80","833","ERY-C87Q","شاحن سريع KONFULON ميني C87Q SUPERVOOC USB-iP - صغير الحجم وعالي الجودة"
"X12","Support VOITURE","8","817","X12","Support VOITURE"
"024-4","Support VOITURE 4-024","100","816","ERY-024-4","حامل هاتف السيارة العملي - مثالي للقيادة بأمان"
"STAND-V3-1","SUPPORT PC LAPTOP STAMD V3.1","19","803","STAND V3.1","Support PC"
"ROTARY-SUPPORT","Support ROTARY","40","796","ROTARY SUPPORT","SUPPORT ROTARY "
"K007","Support VOITURE","73","795","ERY-K007","حامل سيارة مغناطيسي عملي وفعال لهاتفك الذكي"
"A2","Support VOITURE","100","793","A2","Support VOITURE"
"V3-3","STAND","73","791","V3.3","STAND"
"L-908","SUPPORT MAGNETIC CAR MOUNT L-908","30","1687","ERY-L-908","حامل مغناطيسي للهاتف في السيارة - عملي وأنيق"
"L-398","L-398","96","805","L-398","Support"
"M160","RING M160 RGB","100","1602","M160","M160 RGB Panel light"
"L30","HD CAMERA RONDE L30-WIFI","48","1605","L30","HD Camera ronde L30-Wifi"
"X8","SPEAKER KISONLI X8","30","969","X8",""
"PC2","CAMERA KISONLI PC2","80","1580","ERY-PC-2","كاميرا ويب Kisonli HD 1080P PC-2 مع ميكروفون USB - توصيل وتشغيل للكمبيوتر/اللابتوب"
"PC6","CAMERA KISONLI PC6","100","1579","ERY-PC-6","كاميرا ويب Kisonli PC-6 عالية الدقة 1080P للكمبيوتر والمحمول - مثالية للبث والمكالمات المرئية"
"D2","CAMERA KISONLI D2","22","1581","ERY-D2","كاميرا ويب Kisonli D2 Full HD 1080p USB مع إضاءة حلقية مدمجة وكشف تلقائي للضوء - أسود"
"CABLE-FLAIR","CABLE FLAIR 65W","1290","1608","ERY-CABLE-FLAIR","كابل شحن سريع فلاير واط لجميع أجهزتك"
"HT315","PINCE HT315","148","1600","HT315","PINCE HT315"
"FL1725A","SPLIT SOLAR WALL ","40","1601","FL1725A","SPLIT SOLAR WALL"